"","num","colMeansTsZanini","TypeOfSite","WTnt","TSmutrate","TSmutZan","EstSelCoeff","EstSelCoeffZan","WTAA","MUTAA","makesCpG","NonCpG"
"V1",1,0.000807401396338718,"syn","a",1.11e-05,6e-06,0.0137478087731017,0.00743124798546038,"K","E",0,1
"V2",2,0.00135678903243483,"syn","a",1.11e-05,6e-06,0.00818108028193631,0.00442220555780341,"K","R",0,1
"V3",3,9.0510517097984e-05,"syn","g",5.48e-05,1.6e-05,0.605454501388774,0.176775036901832,"K","K",0,0
"V4",4,0.00070528039490616,"syn","t",1.11e-05,1e-05,0.0157384213146559,0.0141787579411314,"*","Q",0,1
"V5",5,0.00176192529962777,"syn","a",1.11e-05,6e-06,0.00629992656461941,0.00340536571060509,"*","W",0,1
"V6",6,0.000151155561761713,"syn","g",5.48e-05,1.6e-05,0.362540414400291,0.105851215883297,"*","*",0,0
"V7",7,0.000759286718430786,"syn","t",1.11e-05,1e-05,0.0146189834887937,0.0131702553953096,"C","R",1,0
"V8",8,0.000153611351360785,"syn","g",5.48e-05,1.6e-05,0.35674446917202,0.10415896910132,"C","Y",0,0
"V9",9,0.00144747102704592,"syn","t",1.11e-05,1e-05,0.00766854727493475,0.00690860114858986,"C","C",1,0
"V10",10,0.00032465711873635,"syn","g",5.48e-05,1.6e-05,0.16879346497405,0.049282763496073,"V","M",0,0
"V11",11,0.00114165259435641,"syn","t",1.11e-05,1e-05,0.00972274758089386,0.00875923205485933,"V","A",1,0
"V12",12,0.00054559997275003,"syn","g",5.48e-05,1.6e-05,0.100439887714413,0.0293255146611426,"V","V",0,0
"V13",13,0.000473901346183392,"syn","c",2.41e-05,1.2e-05,0.0508544662176876,0.0253217259175208,"P","S",0,0
"V14",14,0.000179860651736891,"syn","c",2.41e-05,1.2e-05,0.133992620216092,0.0667183171200459,"P","L",0,0
"V15",15,0.00369898937697587,"syn","c",2.41e-05,1.2e-05,0.00651529310952039,0.00324412934913878,"P","P",0,0
"V16",16,0.00738323883673071,"syn","g",5.48e-05,1.6e-05,0.00742221689042168,0.00216707062494064,"V","I",0,0
"V17",17,0.00147149959946783,"syn","t",1.11e-05,1e-05,0.00754332519289459,0.0067957884620672,"V","A",0,1
"V18",18,0.000485785001529357,"syn","c",2.41e-05,1.2e-05,0.0496104242085037,0.0247022859129479,"V","V",0,0
"V19",19,0.000913405441432904,"syn","t",1.11e-05,1e-05,0.0121523252396952,0.0109480407564822,"C","R",1,0
"V20",20,0.00136662593018746,"syn","g",5.48e-05,1.6e-05,0.0400987562064501,0.0117076660456789,"C","Y",0,0
"V21",21,0.00091065809472795,"syn","t",1.11e-05,1e-05,0.0121889873534985,0.0109810696878365,"C","C",0,1
"V22",22,0.00104632841033982,"syn","t",1.11e-05,1e-05,0.0106085239493736,0.00955722878321947,"C","R",1,0
"V23",23,0.00746732328512298,"syn","g",5.48e-05,1.6e-05,0.00733864035445969,0.00214266871663057,"C","Y",0,0
"V24",24,0.0029142307749696,"syn","t",1.11e-05,1e-05,0.0038088953336634,0.0034314372375346,"C","C",1,0
"V25",25,0.00247989698568061,"syn","g",5.48e-05,1.6e-05,0.0220976920881898,0.00645188090166124,"V","M",0,0
"V26",26,0.00179869763008445,"syn","t",1.11e-05,1e-05,0.00617113172016512,0.00555957812627488,"V","A",1,0
"V27",27,0.00180820036170281,"syn","g",5.48e-05,1.6e-05,0.0303063759750572,0.00884857692702401,"V","V",0,0
"V28",28,0.00128755751894859,"syn","a",1.11e-05,6e-06,0.00862097408204661,0.00465998599029546,"T","A",0,1
"V29",29,0.000150092002428015,"syn","c",2.41e-05,1.2e-05,0.16056818224914,0.0799509621157546,"T","I",0,0
"V30",30,0.000765570586703502,"syn","t",1.11e-05,1e-05,0.0144989896330734,0.0130621528225886,"T","T",0,1
"V31",31,0.000108967104628164,"syn","c",2.41e-05,1.2e-05,0.221167664151838,0.110124978000915,"L","L",0,0
"V32",32,0.000339794914282455,"syn","t",1.11e-05,1e-05,0.0326667631957938,0.029429516392607,"L","P",1,0
"V33",33,0.000131396489573018,"syn","g",5.48e-05,1.6e-05,0.417058326124817,0.121768854343012,"L","L",0,0
"V34",34,0.000358538408097011,"syn","g",5.48e-05,1.6e-05,0.152842760391719,0.0446256234720348,"V","I",0,0
"V35",35,0.000739667387337222,"syn","t",1.11e-05,1e-05,0.0150067451803704,0.0135195902525859,"V","A",0,1
"V36",36,0.000725566605462546,"syn","a",1.11e-05,6e-06,0.0152983887577403,0.00826939932850826,"V","V",0,1
"V37",37,0.00626338767254471,"syn","a",1.11e-05,6e-06,0.00177220389034138,0.00095794804883318,"T","A",0,1
"V38",38,0.000243191427491224,"syn","c",2.41e-05,1.2e-05,0.0990988878539713,0.0493438445745915,"T","I",0,0
"V39",39,0.000396916546941637,"syn","t",1.11e-05,1e-05,0.0279655763548506,0.0251942129322979,"T","T",0,1
"V40",40,0.00176496997804201,"syn","a",1.11e-05,6e-06,0.00628905881578447,0.00339949125177539,"R","G",0,1
"V41",41,0.000437370989128201,"syn","g",5.48e-05,1.6e-05,0.125294089828023,0.0365822160081818,"R","K",0,0
"V42",42,0.00152011560100941,"syn","a",1.11e-05,6e-06,0.00730207623198472,0.00394706823350525,"R","R",0,1
"V43",43,0.000402369088702356,"syn","g",5.48e-05,1.6e-05,0.136193364596496,0.0397644860135756,"D","N",0,0
"V44",44,0.00130080817296487,"syn","a",1.11e-05,6e-06,0.00853315671802732,0.00461251714487963,"D","G",0,1
"V45",45,0.000776303735299797,"syn","t",1.11e-05,1e-05,0.0142985271038447,0.0128815559494096,"D","D",0,1
"V46",46,0.000369616479570599,"syn","c",2.41e-05,1.2e-05,0.0652027204739305,0.0324660848832849,"P","S",0,0
"V47",47,0.000236805160115411,"syn","c",2.41e-05,1.2e-05,0.101771430944556,0.050674571424675,"P","L",0,0
"V48",48,0.000308423907738916,"syn","c",2.41e-05,1.2e-05,0.0781392083923692,0.0389074896559515,"P","P",0,0
"V49",49,0.00103491328247655,"syn","t",1.11e-05,1e-05,0.0107255363207221,0.00966264533398388,"S","P",0,1
"V50",50,0.000188512183366614,"syn","c",2.41e-05,1.2e-05,0.127843195965382,0.0636563631362896,"S","L",0,0
"V51",51,0.00131840814000826,"syn","a",1.11e-05,6e-06,0.00841924413477183,0.00455094277555234,"S","S",1,0
"V52",52,0.000490838341043923,"syn","g",5.48e-05,1.6e-05,0.111645720021485,0.0325972905172219,"D","N",0,0
"V53",53,0.00143181536592763,"syn","a",1.11e-05,6e-06,0.00775239619865976,0.00419048443170798,"D","G",0,1
"V54",54,0.00385998442482753,"syn","c",2.41e-05,1.2e-05,0.00624354850889764,0.00310882083430588,"D","D",0,0
"V55",55,0.00892196897894125,"syn","c",2.41e-05,1.2e-05,0.00270119746626376,0.001344994589011,"P","S",0,0
"V56",56,0.0246682160372937,"syn","c",2.41e-05,1.2e-05,0.000976965661544609,0.000486455931059556,"P","L",0,0
"V57",57,0.0182606249232433,"syn","t",1.11e-05,1e-05,0.000607865286465152,0.000547626384202839,"P","P",0,1
"V58",58,0.0182567389455959,"syn","t",1.11e-05,1e-05,0.000607994671615637,0.000547742947401475,"F","L",0,1
"V59",59,0.00914943497366322,"syn","t",1.11e-05,1e-05,0.00121318967039511,0.00109296366702262,"F","S",0,1
"V60",60,0.00372676354248662,"syn","t",1.11e-05,1e-05,0.00297845566896195,0.00268329339546122,"F","F",0,1
"V61",61,0.00681057048624599,"syn","a",1.11e-05,6e-06,0.00162981941416164,0.0008809834671144,"S","G",0,1
"V62",62,0.00138487856030984,"syn","g",5.48e-05,1.6e-05,0.039570256606283,0.0115533595930753,"S","N",0,0
"V63",63,0.0212613965328851,"syn","t",1.11e-05,1e-05,0.000522072949574671,0.000470335990607812,"S","S",0,1
"V64",64,0.00414768138936763,"syn","c",2.41e-05,1.2e-05,0.00581047523606301,0.00289318269015585,"Q","*",0,0
"V65",65,0.0331494908568268,"syn","a",1.11e-05,6e-06,0.000334846771793301,0.000180998255023406,"Q","R",1,0
"V66",66,0.00156804691687408,"syn","g",5.48e-05,1.6e-05,0.0349479338980778,0.0102037763206067,"Q","Q",0,0
"V67",67,0.0271928638705553,"syn","t",1.11e-05,1e-05,0.00040819532848172,0.000367743539172721,"C","R",1,0
"V68",68,0.00089957416175664,"syn","g",5.48e-05,1.6e-05,0.0609177123240062,0.0177861933792719,"C","Y",0,0
"V69",69,0.00138396534677824,"syn","t",1.11e-05,1e-05,0.00802043203309961,0.00722561444423388,"C","C",1,0
"V70",70,0.000993077321536357,"syn","g",5.48e-05,1.6e-05,0.0551820072934711,0.0161115349761959,"G","R",0,0
"V71",71,0.00249560588591661,"syn","g",5.48e-05,1.6e-05,0.0219585954293711,0.00641126873850251,"G","E",0,0
"V72",72,0.000968017710594035,"syn","a",1.11e-05,6e-06,0.011466732352643,0.00619823370413134,"G","G",0,1
"V73",73,0.00108346906474101,"syn","a",1.11e-05,6e-06,0.0102448702609274,0.00553776770860938,"K","E",0,1
"V74",74,0.000454867336445142,"syn","a",1.11e-05,6e-06,0.0244027194538702,0.0131906591642542,"K","R",0,1
"V75",75,0.000592189841332903,"syn","a",1.11e-05,6e-06,0.0187439892163906,0.0101318860629138,"K","K",0,1
"V76",76,0.000158059648335716,"syn","t",1.11e-05,1e-05,0.0702266525130045,0.0632672545162203,"S","P",0,1
"V77",77,0.00015965060856821,"syn","c",2.41e-05,1.2e-05,0.150954639109336,0.075164135656101,"S","F",0,0
"V78",78,0.000609686865496162,"syn","t",1.11e-05,1e-05,0.0182060671275358,0.0164018622770593,"S","S",0,1
"V79",79,0.000450995628959238,"syn","c",2.41e-05,1.2e-05,0.0534373250038267,0.0266077966824033,"L","L",0,0
"V80",80,0.000466908632246573,"syn","t",1.11e-05,1e-05,0.0237733878394823,0.0214174665220562,"L","P",0,1
"V81",81,0.000650317710108037,"syn","a",1.11e-05,6e-06,0.0170685802146707,0.00922625957549768,"L","L",0,1
"V82",82,0.000352368199151766,"syn","g",5.48e-05,1.6e-05,0.155519141999524,0.0454070487589851,"A","T",0,0
"V83",83,0.000732871447192561,"syn","c",2.41e-05,1.2e-05,0.0328843483974179,0.0163739494095027,"A","V",0,0
"V84",84,0.000450471524609332,"syn","a",1.11e-05,6e-06,0.0246408471870145,0.0133193768578457,"A","A",1,0
"V85",85,0.000368177612656866,"syn","g",5.48e-05,1.6e-05,0.148841206298636,0.0434572865105508,"V","M",0,0
"V86",86,0.000923849393253096,"syn","t",1.11e-05,1e-05,0.0120149453807771,0.0108242751178172,"V","A",1,0
"V87",87,0.000111835441732971,"syn","g",5.48e-05,1.6e-05,0.490005665027424,0.143067347453263,"V","V",0,0
"V88",88,0.000395546043041452,"syn","g",5.48e-05,1.6e-05,0.138542657584511,0.0404504109735797,"A","T",0,0
"V89",89,0.000464250014443117,"syn","c",2.41e-05,1.2e-05,0.0519116838992644,0.0258481413606296,"A","V",0,0
"V90",90,0.000373372378092348,"syn","g",5.48e-05,1.6e-05,0.146770364428099,0.0428526611468903,"A","A",0,0
"V91",91,0.000259686578592989,"syn","c",2.41e-05,1.2e-05,0.0928041800642007,0.046209550239436,"P","S",0,0
"V92",92,0.000297885032931269,"syn","c",2.41e-05,1.2e-05,0.0809036955057778,0.040283997762213,"P","L",0,0
"V93",93,0.00281258831228439,"syn","c",2.41e-05,1.2e-05,0.00856861983488295,0.00426653269786703,"P","P",0,0
"V94",94,0.00144231151103089,"syn","g",5.48e-05,1.6e-05,0.0379945660704266,0.0110933039621683,"E","K",0,0
"V95",95,0.000688494787783117,"syn","a",1.11e-05,6e-06,0.0161221264081619,0.00871466292333075,"E","G",0,1
"V96",96,0.000811611189092374,"syn","a",1.11e-05,6e-06,0.0136764994731198,0.00739270241790261,"E","E",0,1
"V97",97,0.000301141559878406,"syn","c",2.41e-05,1.2e-05,0.080028807746533,0.0398483690024231,"Q","*",0,0
"V98",98,0.00104522648523678,"syn","a",1.11e-05,6e-06,0.0106197079358217,0.00574038266801171,"Q","R",1,0
"V99",99,0.000196583608334097,"syn","g",5.48e-05,1.6e-05,0.27876179740717,0.0813903058123125,"Q","Q",0,0
"V100",100,0.000175188603954709,"syn","g",5.48e-05,1.6e-05,0.312805734864851,0.0913301415663797,"G","R",0,0
"V101",101,0.000167412219767731,"syn","g",5.48e-05,1.6e-05,0.327335723019681,0.0955724738743594,"G","E",0,0
"V102",102,0.00330720475870859,"syn","a",1.11e-05,6e-06,0.0033563086684522,0.00181422090186605,"G","G",0,1
"V103",103,0.000185352298887278,"syn","c",2.41e-05,1.2e-05,0.130022665727261,0.0647415762957318,"P","S",0,0
"V104",104,0.221198737810402,"syn","c",2.41e-05,1.2e-05,0.000108951797096858,5.4249857475614e-05,"P","L",0,0
"V105",105,0.0227139210289643,"syn","t",1.11e-05,1e-05,0.00048868709131486,0.000440258640824198,"P","P",1,0
"V106",106,0.00280903148511978,"syn","g",5.48e-05,1.6e-05,0.0195085033009743,0.00569591337254724,"E","K",0,0
"V107",107,0.00110339844423355,"syn","a",1.11e-05,6e-06,0.0100598293010195,0.00543774556811865,"E","G",0,1
"V108",108,0.0017561507542072,"syn","a",1.11e-05,6e-06,0.00632064187736035,0.00341656317695154,"E","E",0,1
"V109",109,0.00140875228244469,"syn","a",1.11e-05,6e-06,0.00787931287730552,0.00425908804178677,"S","G",0,1
"V110",110,0.00330284812957846,"syn","g",5.48e-05,1.6e-05,0.0165917407794933,0.00484430387722431,"S","N",0,0
"V111",111,0.0113134830486024,"syn","c",2.41e-05,1.2e-05,0.00213020162725016,0.00106068130817435,"S","S",0,0
"V112",112,0.00112311740824938,"syn","g",5.48e-05,1.6e-05,0.0487927616449449,0.0142460617941445,"E","K",0,0
"V113",113,0.00101938679414413,"syn","a",1.11e-05,6e-06,0.010888899153652,0.00588589143440647,"E","G",0,1
"V114",114,0.00050099149961351,"syn","a",1.11e-05,6e-06,0.0221560645411411,0.0119762511033195,"E","E",0,1
"V115",115,0.00128565011520916,"syn","a",1.11e-05,6e-06,0.00863376424789895,0.00466689959345889,"R","G",0,1
"V116",116,0.000728670347581945,"syn","g",5.48e-05,1.6e-05,0.0752054755375335,0.0219578030766521,"R","K",0,0
"V117",117,0.0715985709536051,"syn","g",5.48e-05,1.6e-05,0.000765378404486727,0.000223468147295395,"R","R",0,0
"V118",118,0.0150205973557454,"syn","g",5.48e-05,1.6e-05,0.00364832361204588,0.00106520397431997,"E","K",0,0
"V119",119,0.0031973342892309,"syn","a",1.11e-05,6e-06,0.00347164199795638,0.00187656324213859,"E","G",0,1
"V120",120,0.00291258812329755,"syn","a",1.11e-05,6e-06,0.00381104348782171,0.00206002350693066,"E","E",0,1
"V121",121,0.00338772229796977,"syn","a",1.11e-05,6e-06,0.00327653775123544,0.00177110148715429,"T","A",0,1
"V122",122,0.000195765148302107,"syn","c",2.41e-05,1.2e-05,0.123106692938053,0.0612979383923917,"T","I",0,0
"V123",123,0.000201367705388992,"syn","c",2.41e-05,1.2e-05,0.119681554464976,0.0595924752522704,"T","T",0,0
"V124",124,0.0013145807668237,"syn","a",1.11e-05,6e-06,0.00844375658014526,0.00456419274602446,"R","G",1,0
"V125",125,0.000121605768247878,"syn","g",5.48e-05,1.6e-05,0.450636518230756,0.131572706052775,"R","K",0,0
"V126",126,0.00282206628236923,"syn","a",1.11e-05,6e-06,0.00393328819714366,0.00212610172818576,"R","R",0,1
"V127",127,0.000236160589266657,"syn","g",5.48e-05,1.6e-05,0.232045491460573,0.0677505084556417,"G","R",0,0
"V128",128,0.0145958317168674,"syn","g",5.48e-05,1.6e-05,0.0037544965619651,0.00109620337575623,"G","E",0,0
"V129",129,0.00132514253744649,"syn","a",1.11e-05,6e-06,0.00837645738954945,0.00452781480516187,"G","G",0,1
"V130",130,0.000718908207141537,"syn","g",5.48e-05,1.6e-05,0.0762266996754581,0.022255970708163,"A","T",0,0
"V131",131,0.0368566099782791,"syn","c",2.41e-05,1.2e-05,0.000653885422837396,0.000325586102657624,"A","V",0,0
"V132",132,0.00263872456820122,"syn","t",1.11e-05,1e-05,0.00420657772840866,0.00378970966523303,"A","A",0,1
"V133",133,8.02409885864145e-05,"syn","c",2.41e-05,1.2e-05,0.300345252776214,0.149549503457036,"L","F",0,0
"V134",134,0.000573422160485503,"syn","t",1.11e-05,1e-05,0.0193574660431712,0.0174391585974516,"L","P",0,1
"V135",135,9.75606657130656e-05,"syn","c",2.41e-05,1.2e-05,0.24702578466285,0.123000390703494,"L","L",0,0
"V136",136,0.000530097097025302,"syn","t",1.11e-05,1e-05,0.0209395600585041,0.0188644685211749,"S","P",0,1
"V137",137,0.00137326220764611,"syn","c",2.41e-05,1.2e-05,0.0175494525851035,0.00873831663988557,"S","L",0,0
"V138",138,0.00053004833507471,"syn","g",5.48e-05,1.6e-05,0.103386797719638,0.0301859263415002,"S","S",0,0
"V139",139,0.000970802964233871,"syn","a",1.11e-05,6e-06,0.0114338340620538,0.00618045084435339,"T","A",0,1
"V140",140,0.000225984899165503,"syn","c",2.41e-05,1.2e-05,0.106644293884212,0.0531008932203546,"T","M",0,0
"V141",141,0.000383918729497207,"syn","g",5.48e-05,1.6e-05,0.142738542794638,0.0416754869473394,"T","T",0,0
"V142",142,0.000220738449145412,"syn","c",2.41e-05,1.2e-05,0.109178985778432,0.0543629804705885,"Q","*",0,0
"V143",143,0.00136569366911752,"syn","a",1.11e-05,6e-06,0.00812773775774519,0.00439337176094335,"Q","R",1,0
"V144",144,0.000291787102995643,"syn","g",5.48e-05,1.6e-05,0.18780816368302,0.0548345003454073,"Q","Q",0,0
"V145",145,0.000164592677949506,"syn","g",5.48e-05,1.6e-05,0.332943121666758,0.0972096705596374,"D","N",0,0
"V146",146,0.00131808530092858,"syn","a",1.11e-05,6e-06,0.00842130626309249,0.00455205743950945,"D","G",0,1
"V147",147,0.00010985826441002,"syn","c",2.41e-05,1.2e-05,0.21937357311647,0.109231654663802,"D","D",0,0
"V148",148,0.000821763622271681,"syn","t",1.11e-05,1e-05,0.0135075339174971,0.0121689494752226,"S","P",0,1
"V149",149,0.000422821060940889,"syn","c",2.41e-05,1.2e-05,0.0569981068264933,0.0283808000795817,"S","L",0,0
"V150",150,0.000311603393315434,"syn","g",5.48e-05,1.6e-05,0.175864580346615,0.0513473227289386,"S","S",0,0
"V151",151,0.000633992535067447,"syn","g",5.48e-05,1.6e-05,0.0864363489613803,0.0252368902077023,"A","T",0,0
"V152",152,0.00015287830942122,"syn","c",2.41e-05,1.2e-05,0.157641722303445,0.0784938036365699,"A","V",0,0
"V153",153,0.000556817599769224,"syn","t",1.11e-05,1e-05,0.0199347147155558,0.0179592024464467,"A","A",0,1
"V154",154,0.00027782336893221,"syn","t",1.11e-05,1e-05,0.0399534425151559,0.0359940923559963,"C","R",1,0
"V155",155,0.000132954744048055,"syn","g",5.48e-05,1.6e-05,0.41217032451428,0.120341700588111,"C","Y",0,0
"V156",156,0.000876234258015029,"syn","c",2.41e-05,1.2e-05,0.0275040604490799,0.013694967858463,"C","C",0,0
"V157",157,0.00138533807671637,"syn","t",1.11e-05,1e-05,0.00801248459604173,0.00721845459102859,"*","R",1,0
"V158",158,0.00132036540593286,"syn","g",5.48e-05,1.6e-05,0.0415036623602562,0.0121178576234325,"*","*",0,0
"V159",159,0.000555529723716074,"syn","a",1.11e-05,6e-06,0.0199809290594739,0.0108005021943102,"*","W",0,1
"V160",160,0.0018776722991301,"syn","a",1.11e-05,6e-06,0.00591157466888258,0.00319544576696356,"S","G",0,1
"V161",161,0.000163883171330953,"syn","g",5.48e-05,1.6e-05,0.3343845469608,0.0976305246600877,"S","N",0,0
"V162",162,0.0180211712237686,"syn","c",2.41e-05,1.2e-05,0.00133731596580215,0.000665883468449203,"S","S",0,0
"V163",163,0.000485240662931582,"syn","g",5.48e-05,1.6e-05,0.112933651662509,0.0329733289525572,"A","T",0,0
"V164",164,0.000626127311417778,"syn","c",2.41e-05,1.2e-05,0.0384905746172115,0.0191654313446696,"A","V",0,0
"V165",165,0.000544994473463982,"syn","g",5.48e-05,1.6e-05,0.100551478351132,0.0293580958689436,"A","A",0,0
"V166",166,0.000253524768381338,"syn","c",2.41e-05,1.2e-05,0.095059745656685,0.0473326534390133,"H","Y",0,0
"V167",167,0.00986523842027678,"syn","a",1.11e-05,6e-06,0.00112516287261597,0.000608196147359981,"H","R",1,0
"V168",168,0.000782499190521763,"syn","c",2.41e-05,1.2e-05,0.0307987539053304,0.0153354791229861,"H","H",0,0
"V169",169,0.0137739218218766,"syn","g",5.48e-05,1.6e-05,0.00397853281793447,0.00116161542129474,"G","S",0,0
"V170",170,0.000371386779627788,"syn","g",5.48e-05,1.6e-05,0.147555063901095,0.0430817704820714,"G","D",0,0
"V171",171,0.000138932585331835,"syn","c",2.41e-05,1.2e-05,0.173465425281176,0.0863728258661458,"G","G",0,0
"V172",172,0.000985459218449196,"syn","a",1.11e-05,6e-06,0.0112637842258637,0.00608853201398036,"K","E",1,0
"V173",173,0.00192186828997459,"syn","a",1.11e-05,6e-06,0.00577562992110492,0.00312196211951617,"K","R",0,1
"V174",174,6.63349375311951e-05,"syn","g",5.48e-05,1.6e-05,0.826110674698825,0.241200196992358,"K","K",0,0
"V175",175,0.00184202228098305,"syn","a",1.11e-05,6e-06,0.00602598574110415,0.00325728958978603,"R","G",0,1
"V176",176,0.00013420666658488,"syn","g",5.48e-05,1.6e-05,0.408325468432237,0.119219114870726,"R","K",0,0
"V177",177,0.000135675913613505,"syn","g",5.48e-05,1.6e-05,0.403903674134134,0.117928080039163,"R","R",0,0
"V178",178,0.000278597713867905,"syn","c",2.41e-05,1.2e-05,0.0865046581517422,0.043072858830743,"R","*",0,0
"V179",179,0.000201710502206729,"syn","g",5.48e-05,1.6e-05,0.271676483874085,0.0793216011311198,"R","Q",0,0
"V180",180,0.00159422103388041,"syn","a",1.11e-05,6e-06,0.00696264806705133,0.00376359354975748,"R","R",0,1
"V181",181,0.000253305029541054,"syn","g",5.48e-05,1.6e-05,0.216339960163003,0.0631649518724098,"G","R",0,0
"V182",182,0.000337439403707465,"syn","g",5.48e-05,1.6e-05,0.162399528323928,0.0474159206785192,"G","E",0,0
"V183",183,0.000109355815656571,"syn","g",5.48e-05,1.6e-05,0.501116467112258,0.146311377259054,"G","G",0,0
"V184",184,0.00107313365658538,"syn","g",5.48e-05,1.6e-05,0.0510654005339551,0.0149096059953154,"A","T",0,0
"V185",185,0.000745643997293739,"syn","c",2.41e-05,1.2e-05,0.0323210541323597,0.0160934709372745,"A","V",0,0
"V186",186,0.000736197993043563,"syn","g",5.48e-05,1.6e-05,0.0744364974066933,0.021733283914363,"A","A",0,0
"V187",187,0.00021693094927614,"syn","g",5.48e-05,1.6e-05,0.252614945828881,0.073756188563177,"A","T",0,0
"V188",188,0.00065175791373199,"syn","c",2.41e-05,1.2e-05,0.0369769196387697,0.0184117442184745,"A","V",0,0
"V189",189,0.000540392457223063,"syn","g",5.48e-05,1.6e-05,0.101407781081185,0.0296081112645796,"A","A",0,0
"V190",190,0.0133276158887117,"syn","a",1.11e-05,6e-06,0.000832857136091499,0.000450193046535945,"T","A",0,1
"V191",191,0.000475443813449527,"syn","c",2.41e-05,1.2e-05,0.0506894806878341,0.0252395754462245,"T","I",0,0
"V192",192,0.00790761923387645,"syn","t",1.11e-05,1e-05,0.00140370946952621,0.00126460312569929,"T","T",1,0
"V193",193,0.000171846517562488,"syn","g",5.48e-05,1.6e-05,0.318889208680491,0.0931063383008733,"G","S",0,0
"V194",194,0.000164439519545819,"syn","g",5.48e-05,1.6e-05,0.333253223746684,0.0973002113129004,"G","D",0,0
"V195",195,0.000838965727010122,"syn","t",1.11e-05,1e-05,0.0132305762233671,0.0119194380390694,"G","G",1,0
"V196",196,0.000454195491796912,"syn","g",5.48e-05,1.6e-05,0.120652892839595,0.0352271219969621,"E","K",0,0
"V197",197,0.00137825806820151,"syn","a",1.11e-05,6e-06,0.00805364412956739,0.00435332115111751,"E","G",0,1
"V198",198,9.62357058822978e-05,"syn","g",5.48e-05,1.6e-05,0.569435216353313,0.166258457329434,"E","E",0,0
"V199",199,0.00159129191163505,"syn","t",1.11e-05,1e-05,0.00697546434996628,0.00628420211708674,"Y","H",0,1
"V200",200,0.00057194418039497,"syn","a",1.11e-05,6e-06,0.0194074883187632,0.0104905342263585,"Y","C",0,1
"V201",201,0.00032718148394242,"syn","c",2.41e-05,1.2e-05,0.0736594250677135,0.0366768921498988,"Y","Y",0,0
"V202",202,0.000681527434812105,"syn","g",5.48e-05,1.6e-05,0.0804076214703054,0.023476677801549,"A","T",0,0
"V203",203,0.000213161838375075,"syn","c",2.41e-05,1.2e-05,0.11305963667659,0.0562952547767254,"A","V",0,0
"V204",204,0.000107317163653671,"syn","c",2.41e-05,1.2e-05,0.224567992476714,0.111818087540273,"A","A",0,0
"V205",205,0.0010006288398465,"syn","a",1.11e-05,6e-06,0.0110930242643245,0.00599622933206727,"K","E",1,0
"V206",206,0.000228003258845578,"syn","a",1.11e-05,6e-06,0.0486835146839625,0.0263154133426824,"K","R",0,1
"V207",207,0.003547912539155,"syn","a",1.11e-05,6e-06,0.00312860023394029,0.00169113526158934,"K","K",0,1
"V208",208,0.000535964731253839,"syn","a",1.11e-05,6e-06,0.0207103179607221,0.0111947664652552,"N","D",0,1
"V209",209,0.00245046531459545,"syn","a",1.11e-05,6e-06,0.0045297519348208,0.00244851455936259,"N","S",0,1
"V210",210,0.00237244563935801,"syn","t",1.11e-05,1e-05,0.00467871626470806,0.00421505969793519,"N","N",0,1
"V211",211,0.000857570114057949,"syn","t",1.11e-05,1e-05,0.0129435480761751,0.0116608541226802,"F","L",0,1
"V212",212,0.000992727513092579,"syn","t",1.11e-05,1e-05,0.0111813159740289,0.0100732576342602,"F","S",0,1
"V213",213,0.000354876192518531,"syn","t",1.11e-05,1e-05,0.0312785141241065,0.0281788415532491,"F","F",1,0
"V214",214,0.000548941182246243,"syn","g",5.48e-05,1.6e-05,0.0998285458849358,0.0291470206963316,"D","N",0,0
"V215",215,0.00107013017988137,"syn","a",1.11e-05,6e-06,0.0103725698131703,0.00560679449360556,"D","G",0,1
"V216",216,0.00013332972639426,"syn","c",2.41e-05,1.2e-05,0.18075488978906,0.0900024347497392,"D","D",0,0
"V217",217,0.000293094027468546,"syn","t",1.11e-05,1e-05,0.0378718054948807,0.0341187436890817,"*","Q",0,1
"V218",218,0.000402978621400968,"syn","a",1.11e-05,6e-06,0.0275448855361371,0.0148891273168309,"*","W",0,1
"V219",219,9.83215487242098e-05,"syn","g",5.48e-05,1.6e-05,0.557354930949196,0.162731366700495,"*","*",0,0
"V220",220,0.00152520156531687,"syn","c",2.41e-05,1.2e-05,0.0158011901823567,0.00786781253893279,"R","W",0,0
"V221",221,0.00427096343139303,"syn","g",5.48e-05,1.6e-05,0.0128308286596887,0.00374622734589451,"R","Q",0,0
"V222",222,0.000497404687442509,"syn","g",5.48e-05,1.6e-05,0.110171860827777,0.0321669666650444,"R","R",0,0
"V223",223,0.00257157450761134,"syn","a",1.11e-05,6e-06,0.0043164216969589,0.00233320091727508,"R","G",0,1
"V224",224,0.00059956736915552,"syn","g",5.48e-05,1.6e-05,0.0913992368817283,0.0266859085786068,"R","K",0,0
"V225",225,0.000364808792748578,"syn","g",5.48e-05,1.6e-05,0.150215677607769,0.0438585920022684,"R","R",0,0
"V226",226,9.46701154937851e-05,"syn","c",2.41e-05,1.2e-05,0.254568190545644,0.126755945499906,"L","L",0,0
"V227",227,0.000404103565142227,"syn","t",1.11e-05,1e-05,0.0274682060676532,0.0247461315924803,"L","P",0,1
"V228",228,0.00116032615220146,"syn","a",1.11e-05,6e-06,0.00956627580869413,0.00517095989659142,"L","L",0,1
"V229",229,0.000834155957688328,"syn","g",5.48e-05,1.6e-05,0.0656951490844298,0.0191810654261109,"E","K",0,0
"V230",230,0.0015180585638144,"syn","a",1.11e-05,6e-06,0.00731197087160409,0.00395241668735356,"E","G",0,1
"V231",231,0.00146026119226235,"syn","a",1.11e-05,6e-06,0.00760137984821948,0.00410885397201053,"E","E",0,1
"V232",232,0.000763169695461188,"syn","g",5.48e-05,1.6e-05,0.0718057862175516,0.0209651930562194,"G","R",0,0
"V233",233,0.000399707681485165,"syn","g",5.48e-05,1.6e-05,0.1371001923115,0.0400292532296351,"G","E",0,0
"V234",234,0.00189100073903366,"syn","a",1.11e-05,6e-06,0.00586990780642019,0.00317292313860551,"G","G",0,1
"V235",235,0.000746987804496007,"syn","g",5.48e-05,1.6e-05,0.0733613047899404,0.0214193590627563,"E","K",0,0
"V236",236,0.00208341413829037,"syn","a",1.11e-05,6e-06,0.00532779335418572,0.00287988829955985,"E","G",0,1
"V237",237,0.000324363958717347,"syn","g",5.48e-05,1.6e-05,0.168946020441664,0.0493273052384421,"E","E",0,0
"V238",238,0.00332779663712204,"syn","a",1.11e-05,6e-06,0.00333554036210565,0.00180299479032738,"R","G",0,1
"V239",239,0.000160551572582595,"syn","g",5.48e-05,1.6e-05,0.341323346252547,0.0996564514605978,"R","K",0,0
"V240",240,0.00152182198902054,"syn","a",1.11e-05,6e-06,0.00729388856258024,0.00394264246625959,"R","R",0,1
"V241",241,0.000220686283049612,"syn","t",1.11e-05,1e-05,0.0502976435445453,0.0453131923824732,"W","R",1,0
"V242",242,0.000122602321555693,"syn","g",5.48e-05,1.6e-05,0.446973591565364,0.130503238413245,"W","*",0,0
"V243",243,0.000165980270915369,"syn","g",5.48e-05,1.6e-05,0.330159721380029,0.096396998943074,"W","*",0,0
"V244",244,0.000148188269049858,"syn","g",5.48e-05,1.6e-05,0.36979985225121,0.107970759781375,"V","M",0,0
"V245",245,0.0011912517699059,"syn","t",1.11e-05,1e-05,0.00931792949266869,0.0083945310744763,"V","A",1,0
"V246",246,0.000213623555935018,"syn","g",5.48e-05,1.6e-05,0.256526017274376,0.0748981072333944,"V","V",0,0
"V247",247,0.000814566859256784,"syn","c",2.41e-05,1.2e-05,0.029586276100146,0.0147317557345126,"R","*",0,0
"V248",248,0.000256887156105412,"syn","g",5.48e-05,1.6e-05,0.213323238229603,0.0622841571473294,"R","Q",0,0
"V249",249,0.00123456922568049,"syn","a",1.11e-05,6e-06,0.00899099035445475,0.00485999478619176,"R","R",0,1
"V250",250,0.000177492637901243,"syn","g",5.48e-05,1.6e-05,0.308745200071289,0.0901445839624201,"E","K",0,0
"V251",251,0.00140121993343467,"syn","a",1.11e-05,6e-06,0.00792166863683682,0.00428198304693882,"E","G",0,1
"V252",252,0.000184673050903184,"syn","g",5.48e-05,1.6e-05,0.296740643705124,0.086639604001496,"E","E",0,0
"V253",253,0.000388513457307804,"syn","c",2.41e-05,1.2e-05,0.0620313133218098,0.0308869609901128,"R","C",0,0
"V254",254,0.000222321643082667,"syn","g",5.48e-05,1.6e-05,0.246489722008861,0.0719678020463829,"R","H",0,0
"V255",255,0.00098304811380055,"syn","t",1.11e-05,1e-05,0.0112914107093766,0.0101724420805195,"R","R",0,1
"V256",256,0.000183127386572079,"syn","c",2.41e-05,1.2e-05,0.131602380458338,0.0655281562448158,"Q","*",0,0
"V257",257,0.0090418608952951,"syn","a",1.11e-05,6e-06,0.00122762339838427,0.000663580215342848,"Q","R",1,0
"V258",258,0.00333562347664213,"syn","g",5.48e-05,1.6e-05,0.0164287127680146,0.0047967044578145,"Q","Q",0,0
"V259",259,0.000463429198996929,"syn","t",1.11e-05,1e-05,0.0239518787854228,0.0215782691760565,"Y","H",0,1
"V260",260,0.000338174672566198,"syn","a",1.11e-05,6e-06,0.032823274184814,0.0177423103701697,"Y","C",0,1
"V261",261,0.0012764077758983,"syn","t",1.11e-05,1e-05,0.00869628045957975,0.0078344869005223,"Y","Y",0,1
"V262",262,0.000109206405487699,"syn","t",1.11e-05,1e-05,0.101642389477331,0.0915697202498476,"*","Q",0,1
"V263",263,0.00764661414655382,"syn","a",1.11e-05,6e-06,0.00145162287350442,0.000784661012705092,"*","*",0,1
"V264",264,0.000610434810683827,"syn","a",1.11e-05,6e-06,0.0181837598474528,0.00982905937700149,"*","*",0,1
"V265",265,0.000298491633223873,"syn","g",5.48e-05,1.6e-05,0.183589735525013,0.0536028424890549,"A","T",0,0
"V266",266,0.00772224424849282,"syn","c",2.41e-05,1.2e-05,0.0031208544076683,0.00155395240215849,"A","V",0,0
"V267",267,0.000216502202633531,"syn","g",5.48e-05,1.6e-05,0.253115207759613,0.073902250440763,"A","A",0,0
"V268",268,0.000221503686837483,"syn","g",5.48e-05,1.6e-05,0.247399945266855,0.0722335606618556,"G","R",0,0
"V269",269,0.00839329934173241,"syn","g",5.48e-05,1.6e-05,0.00652901770434045,0.00190628254141327,"G","E",0,0
"V270",270,0.000206719967291684,"syn","g",5.48e-05,1.6e-05,0.26509292120135,0.0773993930514892,"G","G",0,0
"V271",271,0.000835648314957924,"syn","g",5.48e-05,1.6e-05,0.0655778262447155,0.0191468105823987,"E","K",0,0
"V272",272,0.00239142431359098,"syn","a",1.11e-05,6e-06,0.00464158532507858,0.00250896504058302,"E","G",0,1
"V273",273,0.0045502157502061,"syn","g",5.48e-05,1.6e-05,0.0120433849752109,0.00351631678108346,"E","E",0,0
"V274",274,0.000939131769802831,"syn","a",1.11e-05,6e-06,0.0118194276425452,0.0063888798067812,"N","D",0,1
"V275",275,0.00140975903256934,"syn","a",1.11e-05,6e-06,0.00787368602971091,0.00425604650254644,"N","S",0,1
"V276",276,0.00082218012279025,"syn","t",1.11e-05,1e-05,0.0135006912625541,0.0121627849212199,"N","N",0,1
"V277",277,9.61840823379157e-05,"syn","t",1.11e-05,1e-05,0.115403710574513,0.103967306823886,"*","Q",0,1
"V278",278,0.00164672798479981,"syn","a",1.11e-05,6e-06,0.00674063968212055,0.00364358901736246,"*","W",0,1
"V279",279,0.000515795506186614,"syn","g",5.48e-05,1.6e-05,0.106243655368671,0.0310200453631157,"*","*",0,0
"V280",280,0.00138404689891239,"syn","a",1.11e-05,6e-06,0.00801995944553802,0.00433511321380433,"I","V",0,1
"V281",281,0.00503122156983464,"syn","t",1.11e-05,1e-05,0.0022062236468677,0.00198758887105198,"I","T",0,1
"V282",282,0.0604264505377974,"syn","c",2.41e-05,1.2e-05,0.000398831964901285,0.000198588530241304,"I","I",0,0
"V283",283,0.0224497099956626,"syn","g",5.48e-05,1.6e-05,0.00244101148792513,0.00071270408406573,"D","N",0,0
"V284",284,0.0226393275396582,"syn","a",1.11e-05,6e-06,0.000490297248474174,0.00026502553971577,"D","G",0,1
"V285",285,0.000358492176852601,"syn","t",1.11e-05,1e-05,0.0309630187678096,0.0278946115025312,"D","D",1,0
"V286",286,0.00012745047257964,"syn","g",5.48e-05,1.6e-05,0.429970943934767,0.125538961732779,"G","R",0,0
"V287",287,0.00016454807114445,"syn","g",5.48e-05,1.6e-05,0.333033378142083,0.0972360228152067,"G","E",0,0
"V288",288,0.0012412693297117,"syn","g",5.48e-05,1.6e-05,0.0441483557905423,0.0128900308877496,"G","G",0,0
"V289",289,0.00120706822038753,"syn","a",1.11e-05,6e-06,0.00919583484389669,0.00497072153724146,"K","E",0,1
"V290",290,0.00369360627714425,"syn","a",1.11e-05,6e-06,0.00300519307341607,0.00162442868833301,"K","R",0,1
"V291",291,0.000709181251941942,"syn","a",1.11e-05,6e-06,0.0156518520048366,0.00846046054315491,"K","K",0,1
"V292",292,0.0140790426438942,"syn","a",1.11e-05,6e-06,0.000788405879629455,0.000426165340340246,"K","E",0,1
"V293",293,0.0138552616510751,"syn","a",1.11e-05,6e-06,0.000801139688267,0.000433048480144324,"K","R",0,1
"V294",294,0.000896767443241591,"syn","a",1.11e-05,6e-06,0.012377791013327,0.00669069784504162,"K","K",0,1
"V295",295,0.000207507163785402,"syn","t",1.11e-05,1e-05,0.0534921291270661,0.0481911073216812,"F","L",0,1
"V296",296,0.00145231537641606,"syn","t",1.11e-05,1e-05,0.00764296803590411,0.0068855567891028,"F","S",0,1
"V297",297,0.000380387328392177,"syn","c",2.41e-05,1.2e-05,0.0633564743122912,0.0315467921886927,"F","F",0,0
"V298",298,0.000290103863440588,"syn","g",5.48e-05,1.6e-05,0.188897863510263,0.0551526608789088,"G","S",0,0
"V299",299,0.00108350132091141,"syn","g",5.48e-05,1.6e-05,0.0505767726742629,0.0147669409267921,"G","D",0,0
"V300",300,0.00496588194392074,"syn","t",1.11e-05,1e-05,0.00223525249398824,0.00201374098557499,"G","G",0,1
"V301",301,0.00027651195544089,"syn","t",1.11e-05,1e-05,0.0401429297416865,0.0361648015690869,"*","Q",0,1
"V302",302,0.0111554365739449,"syn","a",1.11e-05,6e-06,0.000995030532998202,0.00053785434216119,"*","*",0,1
"V303",303,0.0110458390005349,"syn","a",1.11e-05,6e-06,0.00100490329430499,0.000543190969894588,"*","*",0,1
"V304",304,0.000282878403620106,"syn","g",5.48e-05,1.6e-05,0.193722812695147,0.0565614051664663,"G","S",0,0
"V305",305,0.00320712574762523,"syn","g",5.48e-05,1.6e-05,0.0170869508439379,0.00498889075735414,"G","D",0,0
"V306",306,0.00026199840490563,"syn","c",2.41e-05,1.2e-05,0.0919852928443616,0.0458018055656572,"G","G",0,0
"V307",307,0.00021333583669481,"syn","c",2.41e-05,1.2e-05,0.112967424382977,0.0562493399417312,"Q","*",0,0
"V308",308,0.000986929111495351,"syn","a",1.11e-05,6e-06,0.011247008392712,0.00607946399606054,"Q","R",1,0
"V309",309,0.000454353950109647,"syn","g",5.48e-05,1.6e-05,0.120610814513168,0.0352148363542098,"Q","Q",0,0
"V310",310,0.000155527343257328,"syn","g",5.48e-05,1.6e-05,0.352349618094682,0.102875800903557,"G","R",0,0
"V311",311,0.00558568752758821,"syn","g",5.48e-05,1.6e-05,0.00981078868614435,0.00286446384996915,"G","E",0,0
"V312",312,0.000119843888638786,"syn","g",5.48e-05,1.6e-05,0.457261531000295,0.133507016350451,"G","G",0,0
"V313",313,0.000660334826033082,"syn","g",5.48e-05,1.6e-05,0.0829882021052978,0.0242301320015468,"E","K",0,0
"V314",314,0.00360647548799156,"syn","a",1.11e-05,6e-06,0.00307779715596558,0.00166367413835977,"E","G",0,1
"V315",315,0.000932378590764847,"syn","a",1.11e-05,6e-06,0.0119050352613679,0.00643515419533399,"E","E",0,1
"V316",316,0.0145546001627647,"syn","a",1.11e-05,6e-06,0.000762645478121575,0.000412240798984635,"R","G",0,1
"V317",317,0.00113144230379352,"syn","g",5.48e-05,1.6e-05,0.0484337555845894,0.0141412425064495,"R","K",0,0
"V318",318,0.00129999294154545,"syn","a",1.11e-05,6e-06,0.00853850789897689,0.00461540967512264,"R","R",0,1
"V319",319,0.000767240530688841,"syn","a",1.11e-05,6e-06,0.0144674317323073,0.00782023336881474,"K","E",0,1
"V320",320,0.00114292287793552,"syn","a",1.11e-05,6e-06,0.00971194138667525,0.00524969804685149,"K","R",0,1
"V321",321,0.0125435859035125,"syn","a",1.11e-05,6e-06,0.000884914416450221,0.00047833211700012,"K","K",0,1
"V322",322,0.00667481358375414,"syn","a",1.11e-05,6e-06,0.00166296779089327,0.000898901508590955,"X","X",0,1
"V323",323,0.0197995705821277,"syn","a",1.11e-05,6e-06,0.0005606182191658,0.000303036875224757,"X","X",0,1
